first_name,last_name,email,address
Filia,Lammers,flammers0@google.com.br,013 Bowman Circle
Alicea,Faley,afaley1@cnbc.com,518 Harper Place
Doralia,Ullett,dullett2@eepurl.com,77 Dawn Court
Corey,Connal,cconnal3@spiegel.de,3082 Fuller Terrace
Sosanna,Keymer,skeymer4@istockphoto.com,74 Manitowish Place
Patrick,Micheli,pmicheli5@google.es,17859 Ridgeway Place
Courtnay,Kuhn,ckuhn6@storify.com,5452 Marcy Park
Fredra,Pilley,fpilley7@hao123.com,4 Burning Wood Junction
Townie,Setterington,tsetterington8@bizjournals.com,83 Graceland Hill
Mehetabel,Spittall,mspittall9@sourceforge.net,40 Myrtle Park
Leonhard,Sterrick,lsterricka@dedecms.com,477 Farwell Circle
Gustave,McKinley,gmckinleyb@seesaa.net,127 Stuart Circle
Ernaline,Kenaway,ekenawayc@livejournal.com,026 Mccormick Avenue
Godwin,Swale,gswaled@cbsnews.com,3707 Brickson Park Place
Jeanie,Albin,jalbine@chron.com,807 Vera Point
Andra,Sheppard,asheppardf@squidoo.com,6665 Mifflin Pass
Ameline,Linning,alinningg@unicef.org,946 Meadow Vale Junction
Adda,Simoens,asimoensh@ucoz.com,9146 Graceland Street
Mauricio,Silverthorn,msilverthorni@mapy.cz,2 Russell Lane
Gonzalo,Holhouse,gholhousej@netscape.com,382 Gina Park
Adda,Lammers,tsetterington8@yahoo.com,013 St Bowman Circle
Mehetabel,Faley,afaley1@eepurl.com,518 East Harper Place
Mauricio,Ullett,dullett2@istockphoto.com,77 Dawn Court
Andra,Connal,cconnal3@istockphoto.de,3082 N Fuller Terrace
Jeanie,Keymer,skeymer4@istockphoto.com,74 North Manitowish Place
Patrick,Micheli,pmicheli5@cbsnews.es,17859 Ridgeway Place
Sosanna,Kuhn,ckuhn6@storify.com,5452 Marcy Park
Fra,Pilley,fpilley7@squidoo.com,4 Burning Wood Junction
Toe,Setterington,tsetterington8@hao123.com,83 West Graceland Hill
Alicea,Spittall,ekenawayc@seesaa.net,40 S Myrtle Park
Leo,Sterrick,lsterricka@dedecms.com,477 PO Farwell Circle
Gustave,McKinley,gmckinleyb@seesaa.net,127 S St Stuart Circle
Elin,Kenaway,mspittall9@livejournal.com,026 Mccormick Avenue
Goadwin,Swale,gswaled@storify.com,3707 Brickson Park Place
Courtnay,Albin,jalbine@chron.com,807 N St Vera Point
Corey,Sheppard,asheppardf@squidoo.com,6665 Mifflin Pass
Ameline,Linning,alinningg@cbsnews.org,946 Meadow Vale Junction
Filia,Simoens,asimoensh@ucoz.com,9146 Graceland Street
Doralia,Silverthorn,gholhousej@unicef.cz,2 Russell Lane
Gonzalo,Holhouse,msilverthorni@unicef.com,382 Gina Park
